{
  "playlists": [
    {
      "name": "Favoritas de la radio",
      "lastModifiedDate": "2019-09-13",
      "items": [
        {
          "track": {
            "trackName": "La Cabra",
            "artistName": "Israel B",
            "albumName": "La Cabra"
          },
          "episode": null,
          "localTrack": null
        },
        {
          "track": {
            "trackName": "Dentro",
            "artistName": "$kyhook",
            "albumName": "Dentro"
          },
          "episode": null,
          "localTrack": null
        }
      ],
      "description": null,
      "numberOfFollowers": 0
    },
    {
      "name": "Windows Media Player",
      "lastModifiedDate": null,
      "items": [
      ],
      "description": null,
      "numberOfFollowers": 0
    },
    {
      "name": "carpeta sin título",
      "lastModifiedDate": null,
      "items": [
      ],
      "description": null,
      "numberOfFollowers": 0
    },
    {
      "name": "carpeta sin título 3",
      "lastModifiedDate": null,
      "items": [
      ],
      "description": null,
      "numberOfFollowers": 0
    },
    {
      "name": "ANTONIO",
      "lastModifiedDate": null,
      "items": [
      ],
      "description": null,
      "numberOfFollowers": 0
    },
    {
      "name": "I'll Make U Famous",
      "lastModifiedDate": null,
      "items": [
      ],
      "description": null,
      "numberOfFollowers": 0
    },
    {
      "name": "lista sin título",
      "lastModifiedDate": null,
      "items": [
      ],
      "description": null,
      "numberOfFollowers": 0
    },
    {
      "name": "lista sin título 3",
      "lastModifiedDate": null,
      "items": [
      ],
      "description": null,
      "numberOfFollowers": 0
    }
  ]
}