[
  {
    "platform" : "ANDROID",
    "searchTime" : "2020-01-15T09:51:02.873Z[UTC]",
    "searchQuery" : "456 kool",
    "searchInteractionURIs" : [
    ]
  },
  {
    "platform" : "ANDROID",
    "searchTime" : "2020-01-15T09:51:04.662Z[UTC]",
    "searchQuery" : "45",
    "searchInteractionURIs" : [
      ""
    ]
  },
  {
    "platform" : "ANDROID",
    "searchTime" : "2020-01-15T09:51:07.214Z[UTC]",
    "searchQuery" : "kool g rap",
    "searchInteractionURIs" : [
      "spotify:artist:099tLNCZZvtjC7myKD0mFp"
    ]
  },
  {
    "platform" : "ANDROID",
    "searchTime" : "2020-01-15T09:56:04.282Z[UTC]",
    "searchQuery" : "kárlito",
    "searchInteractionURIs" : [
      "spotify:album:14YDOjcUo0kw2zkpxbBDX9"
    ]
  },
  {
    "platform" : "ANDROID",
    "searchTime" : "2020-01-17T15:52:39.909Z[UTC]",
    "searchQuery" : "first karlito",
    "searchInteractionURIs" : [
      "spotify:track:5DgC681h9JLYHljFQsbwLK"
    ]
  },
  {
    "platform" : "IPHONE",
    "searchTime" : "2020-01-18T18:47:26.386Z[UTC]",
    "searchQuery" : "loco",
    "searchInteractionURIs" : [
      "spotify:artist:7Jgen4mkCFqCo4xzlDrMJO"
    ]
  },
  {
    "platform" : "ANDROID",
    "searchTime" : "2020-01-19T17:37:28.816Z[UTC]",
    "searchQuery" : "tra",
    "searchInteractionURIs" : [
      "spotify:artist:0Y5tJX1MQlPlqiwlOH1tJY"
    ]
  },
  {
    "platform" : "ANDROID",
    "searchTime" : "2020-01-19T17:53:43.740Z[UTC]",
    "searchQuery" : "tra",
    "searchInteractionURIs" : [
      "spotify:playlist:37i9dQZF1DWUgX5cUT0GbU"
    ]
  },
  {
    "platform" : "ANDROID",
    "searchTime" : "2020-01-20T18:49:08.845Z[UTC]",
    "searchQuery" : "dellafuente",
    "searchInteractionURIs" : [
    ]
  },
  {
    "platform" : "IPHONE",
    "searchTime" : "2020-01-26T15:30:33.040Z[UTC]",
    "searchQuery" : "cruz",
    "searchInteractionURIs" : [
      "spotify:artist:0jeYkqwckGJoHQhhXwgzk3"
    ]
  },
  {
    "platform" : "IPHONE",
    "searchTime" : "2020-01-26T15:52:20.897Z[UTC]",
    "searchQuery" : "cruz tu",
    "searchInteractionURIs" : [
      ""
    ]
  },
  {
    "platform" : "IPHONE",
    "searchTime" : "2020-01-26T15:52:33.740Z[UTC]",
    "searchQuery" : "cruz cafune tum",
    "searchInteractionURIs" : [
      "spotify:track:5fWbyAem6fQBjApAJ6vSr5"
    ]
  },
  {
    "platform" : "IPHONE",
    "searchTime" : "2020-01-26T15:54:57.302Z[UTC]",
    "searchQuery" : "cruz cafune gu",
    "searchInteractionURIs" : [
      "spotify:track:2EDXuNWn8sYH8k2KF8AmzP",
      "spotify:track:2EDXuNWn8sYH8k2KF8AmzP",
      ""
    ]
  },
  {
    "platform" : "IPHONE",
    "searchTime" : "2020-01-26T16:05:36.422Z[UTC]",
    "searchQuery" : "la",
    "searchInteractionURIs" : [
      ""
    ]
  },
  {
    "platform" : "IPHONE",
    "searchTime" : "2020-01-26T16:05:41.236Z[UTC]",
    "searchQuery" : "angus",
    "searchInteractionURIs" : [
      "spotify:artist:4tvKz56Tr39bkhcQUTO0Xr"
    ]
  },
  {
    "platform" : "IPHONE",
    "searchTime" : "2020-01-26T16:06:11.552Z[UTC]",
    "searchQuery" : "angus julia stone",
    "searchInteractionURIs" : [
      "spotify:artist:4tvKz56Tr39bkhcQUTO0Xr",
      ""
    ]
  },
  {
    "platform" : "IPHONE",
    "searchTime" : "2020-01-26T16:08:40.196Z[UTC]",
    "searchQuery" : "i",
    "searchInteractionURIs" : [
      ""
    ]
  },
  {
    "platform" : "IPHONE",
    "searchTime" : "2020-01-26T16:08:47.616Z[UTC]",
    "searchQuery" : "rock",
    "searchInteractionURIs" : [
      ""
    ]
  },
  {
    "platform" : "IPHONE",
    "searchTime" : "2020-01-26T16:08:58.436Z[UTC]",
    "searchQuery" : "viajes",
    "searchInteractionURIs" : [
      ""
    ]
  },
  {
    "platform" : "IPHONE",
    "searchTime" : "2020-01-26T16:09:14.264Z[UTC]",
    "searchQuery" : "indie para viajar",
    "searchInteractionURIs" : [
      "spotify:playlist:2yJmxADpCH8OJxKH34AJD0",
      ""
    ]
  },
  {
    "platform" : "IPHONE",
    "searchTime" : "2020-01-26T16:10:00.868Z[UTC]",
    "searchQuery" : "sinoestr",
    "searchInteractionURIs" : [
      "spotify:artist:3baxdZ69449O6BMd7yuYXv",
      ""
    ]
  },
  {
    "platform" : "IPHONE",
    "searchTime" : "2020-01-26T16:11:16.678Z[UTC]",
    "searchQuery" : "animals",
    "searchInteractionURIs" : [
    ]
  },
  {
    "platform" : "IPHONE",
    "searchTime" : "2020-01-26T17:18:01.975Z[UTC]",
    "searchQuery" : "funkad",
    "searchInteractionURIs" : [
      "spotify:artist:450o9jw6AtiQlQkHCdH6Ru"
    ]
  },
  {
    "platform" : "IPHONE",
    "searchTime" : "2020-01-26T17:18:09.791Z[UTC]",
    "searchQuery" : "fu",
    "searchInteractionURIs" : [
      ""
    ]
  },
  {
    "platform" : "IPHONE",
    "searchTime" : "2020-01-26T17:18:12.027Z[UTC]",
    "searchQuery" : "eñ",
    "searchInteractionURIs" : [
      ""
    ]
  },
  {
    "platform" : "IPHONE",
    "searchTime" : "2020-01-26T17:18:20.965Z[UTC]",
    "searchQuery" : "parliam",
    "searchInteractionURIs" : [
      "spotify:artist:5SMVzTJyKFJ7TUb46DglcH"
    ]
  },
  {
    "platform" : "IPHONE",
    "searchTime" : "2020-01-26T17:19:13.641Z[UTC]",
    "searchQuery" : "pa",
    "searchInteractionURIs" : [
      ""
    ]
  },
  {
    "platform" : "IPHONE",
    "searchTime" : "2020-01-26T17:19:14.812Z[UTC]",
    "searchQuery" : "at",
    "searchInteractionURIs" : [
      ""
    ]
  },
  {
    "platform" : "IPHONE",
    "searchTime" : "2020-01-26T17:19:17.127Z[UTC]",
    "searchQuery" : "a",
    "searchInteractionURIs" : [
      ""
    ]
  },
  {
    "platform" : "IPHONE",
    "searchTime" : "2020-01-26T17:19:19.812Z[UTC]",
    "searchQuery" : "a",
    "searchInteractionURIs" : [
      ""
    ]
  },
  {
    "platform" : "IPHONE",
    "searchTime" : "2020-01-26T17:19:29.757Z[UTC]",
    "searchQuery" : "ste",
    "searchInteractionURIs" : [
      "spotify:artist:7guDJrEfX3qb6FEbdPA5qi"
    ]
  },
  {
    "platform" : "WEB",
    "searchTime" : "2020-01-27T11:47:38.614Z[UTC]",
    "searchQuery" : "hip hop family tree",
    "searchInteractionURIs" : [
    ]
  },
  {
    "platform" : "WEB",
    "searchTime" : "2020-01-28T14:09:50.766Z[UTC]",
    "searchQuery" : "rakim",
    "searchInteractionURIs" : [
    ]
  },
  {
    "platform" : "WEB",
    "searchTime" : "2020-01-30T13:07:53.107Z[UTC]",
    "searchQuery" : "body bags",
    "searchInteractionURIs" : [
    ]
  },
  {
    "platform" : "WEB",
    "searchTime" : "2020-01-30T15:32:20.287Z[UTC]",
    "searchQuery" : "quincy jones",
    "searchInteractionURIs" : [
    ]
  },
  {
    "platform" : "WEB",
    "searchTime" : "2020-01-31T11:18:41.193Z[UTC]",
    "searchQuery" : "chirie",
    "searchInteractionURIs" : [
    ]
  },
  {
    "platform" : "IPHONE",
    "searchTime" : "2020-01-31T18:26:17.909Z[UTC]",
    "searchQuery" : "crz",
    "searchInteractionURIs" : [
      "spotify:artist:0jeYkqwckGJoHQhhXwgzk3"
    ]
  },
  {
    "platform" : "IPHONE",
    "searchTime" : "2020-01-31T18:26:35.392Z[UTC]",
    "searchQuery" : "cr",
    "searchInteractionURIs" : [
      ""
    ]
  },
  {
    "platform" : "IPHONE",
    "searchTime" : "2020-01-31T18:26:37.668Z[UTC]",
    "searchQuery" : "tumbao",
    "searchInteractionURIs" : [
      "spotify:track:5fWbyAem6fQBjApAJ6vSr5",
      "spotify:track:5fWbyAem6fQBjApAJ6vSr5",
      "spotify:track:5fWbyAem6fQBjApAJ6vSr5"
    ]
  },
  {
    "platform" : "IPHONE",
    "searchTime" : "2020-01-31T18:26:52.800Z[UTC]",
    "searchQuery" : "tumbao un",
    "searchInteractionURIs" : [
      ""
    ]
  },
  {
    "platform" : "ANDROID",
    "searchTime" : "2020-02-02T19:20:36.148Z[UTC]",
    "searchQuery" : "7 no",
    "searchInteractionURIs" : [
      "spotify:artist:7n1oXHFjDhICKoBTdypinz"
    ]
  },
  {
    "platform" : "ANDROID",
    "searchTime" : "2020-02-03T08:41:27.853Z[UTC]",
    "searchQuery" : "qmqy",
    "searchInteractionURIs" : [
    ]
  },
  {
    "platform" : "ANDROID",
    "searchTime" : "2020-02-03T08:41:28.719Z[UTC]",
    "searchQuery" : "q",
    "searchInteractionURIs" : [
      ""
    ]
  },
  {
    "platform" : "ANDROID",
    "searchTime" : "2020-02-03T08:41:46.838Z[UTC]",
    "searchQuery" : "my ",
    "searchInteractionURIs" : [
      ""
    ]
  },
  {
    "platform" : "ANDROID",
    "searchTime" : "2020-02-03T08:41:48.632Z[UTC]",
    "searchQuery" : "geto ",
    "searchInteractionURIs" : [
      "spotify:artist:3f5fB1YUbkUnW7cf7I0R48"
    ]
  },
  {
    "platform" : "WEB",
    "searchTime" : "2020-02-04T11:12:07.383Z[UTC]",
    "searchQuery" : "sergio ac",
    "searchInteractionURIs" : [
    ]
  },
  {
    "platform" : "WEB",
    "searchTime" : "2020-02-04T11:13:16.217Z[UTC]",
    "searchQuery" : "alejandro o",
    "searchInteractionURIs" : [
    ]
  },
  {
    "platform" : "WEB",
    "searchTime" : "2020-02-04T11:14:14.482Z[UTC]",
    "searchQuery" : "narco",
    "searchInteractionURIs" : [
    ]
  },
  {
    "platform" : "WEB",
    "searchTime" : "2020-02-04T11:14:47.111Z[UTC]",
    "searchQuery" : "negu ",
    "searchInteractionURIs" : [
    ]
  },
  {
    "platform" : "WEB",
    "searchTime" : "2020-02-04T11:15:31.265Z[UTC]",
    "searchQuery" : "rage again",
    "searchInteractionURIs" : [
    ]
  },
  {
    "platform" : "WEB",
    "searchTime" : "2020-02-04T11:15:51.905Z[UTC]",
    "searchQuery" : "siniestro total",
    "searchInteractionURIs" : [
    ]
  },
  {
    "platform" : "WEB",
    "searchTime" : "2020-02-06T15:31:58.915Z[UTC]",
    "searchQuery" : "el jincho",
    "searchInteractionURIs" : [
    ]
  },
  {
    "platform" : "WEB",
    "searchTime" : "2020-02-07T13:40:22.823Z[UTC]",
    "searchQuery" : "acqua",
    "searchInteractionURIs" : [
    ]
  },
  {
    "platform" : "ANDROID",
    "searchTime" : "2020-02-07T18:25:15.438Z[UTC]",
    "searchQuery" : "acqua",
    "searchInteractionURIs" : [
      "spotify:artist:4XbpehZzAcBrlvHAwn5rZu"
    ]
  },
  {
    "platform" : "IPHONE",
    "searchTime" : "2020-02-07T18:30:12.223Z[UTC]",
    "searchQuery" : "millo",
    "searchInteractionURIs" : [
      "spotify:playlist:1cljQ4Wo8eS2KNcArtS3O7"
    ]
  },
  {
    "platform" : "ANDROID",
    "searchTime" : "2020-02-07T18:30:14.144Z[UTC]",
    "searchQuery" : "madv",
    "searchInteractionURIs" : [
      "spotify:artist:2aoFQUeHD1U7pL098lRsDU",
      "spotify:track:5jAvbp8kEnRPToi4Bzcvzt"
    ]
  },
  {
    "platform" : "ANDROID",
    "searchTime" : "2020-02-07T19:54:11.778Z[UTC]",
    "searchQuery" : "madci",
    "searchInteractionURIs" : [
      "spotify:artist:2aoFQUeHD1U7pL098lRsDU"
    ]
  },
  {
    "platform" : "ANDROID",
    "searchTime" : "2020-02-09T20:18:06.241Z[UTC]",
    "searchQuery" : "kefta boy",
    "searchInteractionURIs" : [
    ]
  },
  {
    "platform" : "ANDROID",
    "searchTime" : "2020-02-09T20:18:11.459Z[UTC]",
    "searchQuery" : "k",
    "searchInteractionURIs" : [
      ""
    ]
  },
  {
    "platform" : "ANDROID",
    "searchTime" : "2020-02-09T20:18:19.751Z[UTC]",
    "searchQuery" : "t",
    "searchInteractionURIs" : [
      ""
    ]
  },
  {
    "platform" : "ANDROID",
    "searchTime" : "2020-02-09T20:18:33.257Z[UTC]",
    "searchQuery" : "de la soul and ris",
    "searchInteractionURIs" : [
      "spotify:playlist:2iHuuxOs5EldcagKhhygXA",
      "spotify:playlist:320Yy7XLKqMzvbMpbdFK3g"
    ]
  },
  {
    "platform" : "WEB",
    "searchTime" : "2020-02-10T17:27:45.354Z[UTC]",
    "searchQuery" : "de la soul",
    "searchInteractionURIs" : [
    ]
  },
  {
    "platform" : "WEB",
    "searchTime" : "2020-02-11T13:12:07.942Z[UTC]",
    "searchQuery" : "this land",
    "searchInteractionURIs" : [
    ]
  },
  {
    "platform" : "WEB",
    "searchTime" : "2020-02-11T13:12:59.876Z[UTC]",
    "searchQuery" : "woody ",
    "searchInteractionURIs" : [
    ]
  },
  {
    "platform" : "WEB",
    "searchTime" : "2020-02-11T16:33:20.419Z[UTC]",
    "searchQuery" : "2 pac",
    "searchInteractionURIs" : [
    ]
  },
  {
    "platform" : "WEB",
    "searchTime" : "2020-02-13T11:05:11.067Z[UTC]",
    "searchQuery" : "native tong",
    "searchInteractionURIs" : [
    ]
  },
  {
    "platform" : "IPHONE",
    "searchTime" : "2020-02-15T12:37:23.175Z[UTC]",
    "searchQuery" : "cru",
    "searchInteractionURIs" : [
      "spotify:artist:0jeYkqwckGJoHQhhXwgzk3"
    ]
  },
  {
    "platform" : "IPHONE",
    "searchTime" : "2020-02-15T12:41:46.841Z[UTC]",
    "searchQuery" : "cr",
    "searchInteractionURIs" : [
      ""
    ]
  },
  {
    "platform" : "IPHONE",
    "searchTime" : "2020-02-15T12:41:49.409Z[UTC]",
    "searchQuery" : "pegaj",
    "searchInteractionURIs" : [
      "spotify:track:1h500X1uAyaVGPn9V8R7E0"
    ]
  },
  {
    "platform" : "IPHONE",
    "searchTime" : "2020-02-15T12:48:53.740Z[UTC]",
    "searchQuery" : "tame im",
    "searchInteractionURIs" : [
      "spotify:artist:5INjqkS1o8h1imAzPqGZBb"
    ]
  },
  {
    "platform" : "IPHONE",
    "searchTime" : "2020-02-15T19:00:58.774Z[UTC]",
    "searchQuery" : "christal",
    "searchInteractionURIs" : [
      "spotify:playlist:03KQsGPiXfWuBW94mcnNh6"
    ]
  },
  {
    "platform" : "ANDROID",
    "searchTime" : "2020-02-17T08:35:40.736Z[UTC]",
    "searchQuery" : "e 4",
    "searchInteractionURIs" : [
      "spotify:artist:3crnzLy8R4lVwaigKEOz7V"
    ]
  },
  {
    "platform" : "ANDROID",
    "searchTime" : "2020-02-17T08:38:38.051Z[UTC]",
    "searchQuery" : "practice loo",
    "searchInteractionURIs" : [
      "spotify:track:3lQyndMt2mOJN1fBKvfuEI",
      "spotify:track:3lQyndMt2mOJN1fBKvfuEI"
    ]
  },
  {
    "platform" : "WEB",
    "searchTime" : "2020-02-17T15:53:01.183Z[UTC]",
    "searchQuery" : "power rap",
    "searchInteractionURIs" : [
    ]
  },
  {
    "platform" : "WEB",
    "searchTime" : "2020-02-18T15:01:09.619Z[UTC]",
    "searchQuery" : "puff daddy",
    "searchInteractionURIs" : [
    ]
  },
  {
    "platform" : "WEB",
    "searchTime" : "2020-02-18T15:20:29.889Z[UTC]",
    "searchQuery" : "roccafella",
    "searchInteractionURIs" : [
    ]
  },
  {
    "platform" : "WEB",
    "searchTime" : "2020-02-19T11:56:04.631Z[UTC]",
    "searchQuery" : "biz markie",
    "searchInteractionURIs" : [
    ]
  },
  {
    "platform" : "WEB",
    "searchTime" : "2020-02-19T12:58:47.815Z[UTC]",
    "searchQuery" : "life after dea",
    "searchInteractionURIs" : [
    ]
  },
  {
    "platform" : "WEB",
    "searchTime" : "2020-02-21T10:18:51.601Z[UTC]",
    "searchQuery" : "dirty south",
    "searchInteractionURIs" : [
    ]
  },
  {
    "platform" : "WEB",
    "searchTime" : "2020-02-21T12:04:01.223Z[UTC]",
    "searchQuery" : "c tangana agora",
    "searchInteractionURIs" : [
    ]
  },
  {
    "platform" : "IPHONE",
    "searchTime" : "2020-02-21T14:37:19.846Z[UTC]",
    "searchQuery" : "los miloa",
    "searchInteractionURIs" : [
    ]
  },
  {
    "platform" : "IPHONE",
    "searchTime" : "2020-02-21T14:37:25.277Z[UTC]",
    "searchQuery" : "los ni",
    "searchInteractionURIs" : [
      "spotify:artist:6arRVLZ3vn5AXkuvp9JxbS",
      ""
    ]
  },
  {
    "platform" : "IPHONE",
    "searchTime" : "2020-02-21T14:42:35.198Z[UTC]",
    "searchQuery" : "vv",
    "searchInteractionURIs" : [
      "spotify:artist:7tszuN9emjCCsC7kccXTFU"
    ]
  },
  {
    "platform" : "IPHONE",
    "searchTime" : "2020-02-21T16:04:24.749Z[UTC]",
    "searchQuery" : "merrirri",
    "searchInteractionURIs" : [
      "spotify:user:1116715848",
      ""
    ]
  },
  {
    "platform" : "IPHONE",
    "searchTime" : "2020-02-21T17:23:41.183Z[UTC]",
    "searchQuery" : "valencia bay",
    "searchInteractionURIs" : [
    ]
  },
  {
    "platform" : "IPHONE",
    "searchTime" : "2020-02-21T17:23:45.405Z[UTC]",
    "searchQuery" : "va",
    "searchInteractionURIs" : [
      ""
    ]
  },
  {
    "platform" : "IPHONE",
    "searchTime" : "2020-02-21T17:23:47.974Z[UTC]",
    "searchQuery" : "l gossa",
    "searchInteractionURIs" : [
      "spotify:artist:0luDJsRYWbHW2Sj1I5TPrE"
    ]
  },
  {
    "platform" : "ANDROID",
    "searchTime" : "2020-02-22T11:19:37.787Z[UTC]",
    "searchQuery" : "dj scre",
    "searchInteractionURIs" : [
      "spotify:artist:6TC6ZeVdvCuBSn32h5Msul"
    ]
  },
  {
    "platform" : "IPHONE",
    "searchTime" : "2020-02-22T17:02:02.058Z[UTC]",
    "searchQuery" : "cru",
    "searchInteractionURIs" : [
      "spotify:artist:0jeYkqwckGJoHQhhXwgzk3"
    ]
  },
  {
    "platform" : "ANDROID",
    "searchTime" : "2020-02-23T09:58:06.622Z[UTC]",
    "searchQuery" : "suici",
    "searchInteractionURIs" : [
      "spotify:artist:1VPmR4DJC1PlOtd0IADAO0"
    ]
  },
  {
    "platform" : "ANDROID",
    "searchTime" : "2020-02-23T09:59:33.330Z[UTC]",
    "searchQuery" : "anuel lito",
    "searchInteractionURIs" : [
      "spotify:track:4hl45i5exN6hgxFXPFMmbE"
    ]
  },
  {
    "platform" : "ANDROID",
    "searchTime" : "2020-02-23T10:01:03.420Z[UTC]",
    "searchQuery" : "anuel ",
    "searchInteractionURIs" : [
      ""
    ]
  },
  {
    "platform" : "ANDROID",
    "searchTime" : "2020-02-23T10:01:09.456Z[UTC]",
    "searchQuery" : "ti trap mjzik",
    "searchInteractionURIs" : [
      "spotify:track:33j4CLU9UyRjO63ry5J61Q"
    ]
  },
  {
    "platform" : "ANDROID",
    "searchTime" : "2020-02-23T10:29:24.509Z[UTC]",
    "searchQuery" : "rakim paid",
    "searchInteractionURIs" : [
      "spotify:album:5GSidytcItIkYvD0GVQ68m"
    ]
  },
  {
    "platform" : "IPHONE",
    "searchTime" : "2020-02-23T14:36:09.995Z[UTC]",
    "searchQuery" : "angus and julia",
    "searchInteractionURIs" : [
      "spotify:artist:4tvKz56Tr39bkhcQUTO0Xr"
    ]
  },
  {
    "platform" : "WEB",
    "searchTime" : "2020-02-24T16:26:17.038Z[UTC]",
    "searchQuery" : "ready to die",
    "searchInteractionURIs" : [
    ]
  },
  {
    "platform" : "WEB",
    "searchTime" : "2020-02-24T16:26:46.961Z[UTC]",
    "searchQuery" : "nas illmatic",
    "searchInteractionURIs" : [
    ]
  },
  {
    "platform" : "ANDROID",
    "searchTime" : "2020-02-24T22:50:32.485Z[UTC]",
    "searchQuery" : "tears 2pac",
    "searchInteractionURIs" : [
      "spotify:track:0NzNKU2MJ9LCetT2uZMJH2"
    ]
  },
  {
    "platform" : "ANDROID",
    "searchTime" : "2020-02-25T08:32:57.420Z[UTC]",
    "searchQuery" : "bone th",
    "searchInteractionURIs" : [
      "spotify:playlist:37i9dQZF1E4FtoNQv1D4AR",
      "spotify:playlist:37i9dQZF1DZ06evO3d9iLK"
    ]
  },
  {
    "platform" : "ANDROID",
    "searchTime" : "2020-02-25T08:51:08.393Z[UTC]",
    "searchQuery" : "2",
    "searchInteractionURIs" : [
      ""
    ]
  },
  {
    "platform" : "ANDROID",
    "searchTime" : "2020-02-25T08:51:10.118Z[UTC]",
    "searchQuery" : "e 40",
    "searchInteractionURIs" : [
      "spotify:artist:3crnzLy8R4lVwaigKEOz7V"
    ]
  },
  {
    "platform" : "WEB",
    "searchTime" : "2020-02-25T12:30:27.676Z[UTC]",
    "searchQuery" : "erik urano",
    "searchInteractionURIs" : [
    ]
  },
  {
    "platform" : "WEB",
    "searchTime" : "2020-02-25T12:42:01.033Z[UTC]",
    "searchQuery" : "one plus one nas",
    "searchInteractionURIs" : [
    ]
  },
  {
    "platform" : "WEB",
    "searchTime" : "2020-02-25T15:23:07.041Z[UTC]",
    "searchQuery" : "2 pac all e",
    "searchInteractionURIs" : [
    ]
  },
  {
    "platform" : "WEB",
    "searchTime" : "2020-02-26T10:45:21.543Z[UTC]",
    "searchQuery" : "erik urano",
    "searchInteractionURIs" : [
    ]
  },
  {
    "platform" : "WEB",
    "searchTime" : "2020-02-26T10:48:31.521Z[UTC]",
    "searchQuery" : "e 40 disg",
    "searchInteractionURIs" : [
    ]
  },
  {
    "platform" : "WEB",
    "searchTime" : "2020-02-27T11:20:58.479Z[UTC]",
    "searchQuery" : "bad bunny",
    "searchInteractionURIs" : [
    ]
  },
  {
    "platform" : "WEB",
    "searchTime" : "2020-02-27T14:15:27.385Z[UTC]",
    "searchQuery" : "original juan",
    "searchInteractionURIs" : [
    ]
  },
  {
    "platform" : "WEB",
    "searchTime" : "2020-02-27T14:52:20.391Z[UTC]",
    "searchQuery" : "anuel aa",
    "searchInteractionURIs" : [
    ]
  },
  {
    "platform" : "WEB",
    "searchTime" : "2020-02-27T14:52:47.434Z[UTC]",
    "searchQuery" : "anuel lito",
    "searchInteractionURIs" : [
    ]
  },
  {
    "platform" : "WEB",
    "searchTime" : "2020-02-27T15:00:29.569Z[UTC]",
    "searchQuery" : "lonnie liston",
    "searchInteractionURIs" : [
    ]
  },
  {
    "platform" : "WEB",
    "searchTime" : "2020-02-27T15:31:38.380Z[UTC]",
    "searchQuery" : "miles davis",
    "searchInteractionURIs" : [
    ]
  },
  {
    "platform" : "WEB",
    "searchTime" : "2020-02-27T15:32:01.329Z[UTC]",
    "searchQuery" : "brubet qi",
    "searchInteractionURIs" : [
    ]
  },
  {
    "platform" : "ANDROID",
    "searchTime" : "2020-02-28T08:19:44.621Z[UTC]",
    "searchQuery" : "atlad",
    "searchInteractionURIs" : [
    ]
  },
  {
    "platform" : "ANDROID",
    "searchTime" : "2020-03-01T17:13:58.224Z[UTC]",
    "searchQuery" : "rada",
    "searchInteractionURIs" : [
      "spotify:playlist:37i9dQZEVXbnQYu9RgeSTO"
    ]
  },
  {
    "platform" : "WEB",
    "searchTime" : "2020-03-02T14:45:32.319Z[UTC]",
    "searchQuery" : "bad bun",
    "searchInteractionURIs" : [
    ]
  },
  {
    "platform" : "IPHONE",
    "searchTime" : "2020-03-02T18:20:01.831Z[UTC]",
    "searchQuery" : "bas",
    "searchInteractionURIs" : [
      "spotify:playlist:7owfo1jP23Yw0hTgM55w3s"
    ]
  },
  {
    "platform" : "IPHONE",
    "searchTime" : "2020-03-02T18:20:06.743Z[UTC]",
    "searchQuery" : "bad ",
    "searchInteractionURIs" : [
      "spotify:artist:4q3ewBCX7sLwd24euuV69X"
    ]
  },
  {
    "platform" : "ANDROID",
    "searchTime" : "2020-03-03T09:03:12.145Z[UTC]",
    "searchQuery" : "tunnel",
    "searchInteractionURIs" : [
      "spotify:track:4Q3N4Ct4zCuIHuZ65E3BD4"
    ]
  },
  {
    "platform" : "DESKTOP",
    "searchTime" : "2020-03-03T11:09:09.965Z[UTC]",
    "searchQuery" : "dusted ",
    "searchInteractionURIs" : [
      "spotify:track:4iL2i3kck6tRcbSGuXJOe7"
    ]
  },
  {
    "platform" : "DESKTOP",
    "searchTime" : "2020-03-03T11:13:23.793Z[UTC]",
    "searchQuery" : "supastar",
    "searchInteractionURIs" : [
    ]
  },
  {
    "platform" : "DESKTOP",
    "searchTime" : "2020-03-03T11:13:29.724Z[UTC]",
    "searchQuery" : "guetto sup",
    "searchInteractionURIs" : [
      "spotify:track:7K10j3lMX7aPyzedYa4Ah1"
    ]
  },
  {
    "platform" : "DESKTOP",
    "searchTime" : "2020-03-03T11:13:39.928Z[UTC]",
    "searchQuery" : "group home ",
    "searchInteractionURIs" : [
      "spotify:track:2QECh0fEPnaTxRWsVBrUz7"
    ]
  },
  {
    "platform" : "ANDROID",
    "searchTime" : "2020-03-04T22:48:18.249Z[UTC]",
    "searchQuery" : "naty",
    "searchInteractionURIs" : [
    ]
  },
  {
    "platform" : "ANDROID",
    "searchTime" : "2020-03-04T22:50:30.061Z[UTC]",
    "searchQuery" : "nathy",
    "searchInteractionURIs" : [
      "spotify:artist:3VHAySZQPlfGlNLslzXYpN"
    ]
  },
  {
    "platform" : "ANDROID",
    "searchTime" : "2020-03-05T09:55:10.327Z[UTC]",
    "searchQuery" : "e40",
    "searchInteractionURIs" : [
      "spotify:artist:3crnzLy8R4lVwaigKEOz7V"
    ]
  },
  {
    "platform" : "DESKTOP",
    "searchTime" : "2020-03-05T12:33:14.200Z[UTC]",
    "searchQuery" : "mi ganga anuel",
    "searchInteractionURIs" : [
    ]
  },
  {
    "platform" : "ANDROID",
    "searchTime" : "2020-03-05T18:17:21.484Z[UTC]",
    "searchQuery" : "locasion josm",
    "searchInteractionURIs" : [
      "spotify:track:3e4lTZP9KBJt7qVNnGSvSM"
    ]
  },
  {
    "platform" : "ANDROID",
    "searchTime" : "2020-03-05T18:21:11.919Z[UTC]",
    "searchQuery" : "rada",
    "searchInteractionURIs" : [
      "spotify:playlist:37i9dQZEVXbnQYu9RgeSTO"
    ]
  },
  {
    "platform" : "ANDROID",
    "searchTime" : "2020-03-05T18:30:03.524Z[UTC]",
    "searchQuery" : "ba",
    "searchInteractionURIs" : [
      "spotify:album:5lJqux7orBlA1QzyiBGti1"
    ]
  },
  {
    "platform" : "IPHONE",
    "searchTime" : "2020-03-07T10:01:27.022Z[UTC]",
    "searchQuery" : "bad bunny maña",
    "searchInteractionURIs" : [
      "spotify:track:1V8XneTrX6kKeoxYbk4x6h"
    ]
  },
  {
    "platform" : "IPHONE",
    "searchTime" : "2020-03-07T10:09:41.090Z[UTC]",
    "searchQuery" : "bad bunny",
    "searchInteractionURIs" : [
      "spotify:track:6NfrH0ANGmgBXyxgV2PeXt"
    ]
  },
  {
    "platform" : "IPHONE",
    "searchTime" : "2020-03-07T13:59:31.190Z[UTC]",
    "searchQuery" : "bad bunny ",
    "searchInteractionURIs" : [
      "spotify:album:5lJqux7orBlA1QzyiBGti1"
    ]
  },
  {
    "platform" : "ANDROID",
    "searchTime" : "2020-03-07T16:06:48.017Z[UTC]",
    "searchQuery" : "when it ",
    "searchInteractionURIs" : [
      "spotify:track:1cA2LExLTdhHLL0FmXoc57"
    ]
  },
  {
    "platform" : "ANDROID",
    "searchTime" : "2020-03-12T22:21:37.899Z[UTC]",
    "searchQuery" : "ergo pro",
    "searchInteractionURIs" : [
      "spotify:artist:6RGXMZ5gUtYKHpG3RQ9fM4"
    ]
  },
  {
    "platform" : "DESKTOP",
    "searchTime" : "2020-03-14T12:30:35.330Z[UTC]",
    "searchQuery" : "anuel aa",
    "searchInteractionURIs" : [
      "spotify:track:3qM0vBxIe4VUbK0Z0smuVP"
    ]
  },
  {
    "platform" : "ANDROID",
    "searchTime" : "2020-03-17T13:09:38.963Z[UTC]",
    "searchQuery" : "medus",
    "searchInteractionURIs" : [
      "spotify:track:3qM0vBxIe4VUbK0Z0smuVP"
    ]
  },
  {
    "platform" : "DESKTOP",
    "searchTime" : "2020-03-17T16:47:13.347Z[UTC]",
    "searchQuery" : "una y otra vez",
    "searchInteractionURIs" : [
    ]
  },
  {
    "platform" : "DESKTOP",
    "searchTime" : "2020-03-17T16:55:23.964Z[UTC]",
    "searchQuery" : "david banner ",
    "searchInteractionURIs" : [
      "spotify:artist:7jFaoqWPhYLrKzjzlpXmUO"
    ]
  },
  {
    "platform" : "DESKTOP",
    "searchTime" : "2020-03-17T16:55:44.775Z[UTC]",
    "searchQuery" : "david banner miss",
    "searchInteractionURIs" : [
      "spotify:track:0DW5anNzTO7h0OlKqFsVQ6"
    ]
  },
  {
    "platform" : "DESKTOP",
    "searchTime" : "2020-03-18T17:28:30.654Z[UTC]",
    "searchQuery" : "junior mafia get money",
    "searchInteractionURIs" : [
      "spotify:track:3PA9dH8cT0wR5UW4XkC44Y"
    ]
  },
  {
    "platform" : "DESKTOP",
    "searchTime" : "2020-03-18T17:33:26.104Z[UTC]",
    "searchQuery" : "playlist ",
    "searchInteractionURIs" : [
      "spotify:playlist:6mu9s0RoxIGwX9gCfnoJiq"
    ]
  },
  {
    "platform" : "DESKTOP",
    "searchTime" : "2020-03-19T11:05:20.582Z[UTC]",
    "searchQuery" : "richie ri",
    "searchInteractionURIs" : [
      "spotify:artist:4hSGrfIm5xRloHXESKxrFd"
    ]
  },
  {
    "platform" : "ANDROID",
    "searchTime" : "2020-03-19T14:26:18.904Z[UTC]",
    "searchQuery" : "junnior",
    "searchInteractionURIs" : [
      "spotify:artist:3r0OeTcOw37N9juMYyyw39",
      ""
    ]
  },
  {
    "platform" : "ANDROID",
    "searchTime" : "2020-03-19T14:26:51.466Z[UTC]",
    "searchQuery" : "juni",
    "searchInteractionURIs" : [
      "spotify:track:3PA9dH8cT0wR5UW4XkC44Y"
    ]
  },
  {
    "platform" : "ANDROID",
    "searchTime" : "2020-03-19T14:42:15.708Z[UTC]",
    "searchQuery" : "juni",
    "searchInteractionURIs" : [
    ]
  },
  {
    "platform" : "DESKTOP",
    "searchTime" : "2020-03-19T18:15:18.016Z[UTC]",
    "searchQuery" : "dano",
    "searchInteractionURIs" : [
      "spotify:artist:3lIsPQW0jN6sMpiWuiShF0"
    ]
  },
  {
    "platform" : "DESKTOP",
    "searchTime" : "2020-03-19T18:58:36.328Z[UTC]",
    "searchQuery" : "rap and roll",
    "searchInteractionURIs" : [
    ]
  },
  {
    "platform" : "DESKTOP",
    "searchTime" : "2020-03-19T23:40:46.162Z[UTC]",
    "searchQuery" : "neovalladolor",
    "searchInteractionURIs" : [
      "spotify:album:3DfyNpYQuG2jcUq5F67Ln3"
    ]
  },
  {
    "platform" : "DESKTOP",
    "searchTime" : "2020-03-20T13:39:02.067Z[UTC]",
    "searchQuery" : "pierce p",
    "searchInteractionURIs" : [
    ]
  },
  {
    "platform" : "DESKTOP",
    "searchTime" : "2020-03-20T13:39:27.857Z[UTC]",
    "searchQuery" : "piercee p",
    "searchInteractionURIs" : [
      "spotify:artist:3jOh5Hdrc5A8nQxBf5Q6gN"
    ]
  },
  {
    "platform" : "DESKTOP",
    "searchTime" : "2020-03-20T15:17:03.018Z[UTC]",
    "searchQuery" : "dano",
    "searchInteractionURIs" : [
      "spotify:playlist:6mu9s0RoxIGwX9gCfnoJiq"
    ]
  },
  {
    "platform" : "DESKTOP",
    "searchTime" : "2020-03-20T16:12:19.036Z[UTC]",
    "searchQuery" : "erik urano",
    "searchInteractionURIs" : [
      "spotify:artist:4UGlbaxTr9BPv4YLD6iWRN"
    ]
  },
  {
    "platform" : "DESKTOP",
    "searchTime" : "2020-03-20T16:43:39.959Z[UTC]",
    "searchQuery" : "erik urano",
    "searchInteractionURIs" : [
    ]
  },
  {
    "platform" : "DESKTOP",
    "searchTime" : "2020-03-20T16:48:34.749Z[UTC]",
    "searchQuery" : "lenylen ",
    "searchInteractionURIs" : [
    ]
  },
  {
    "platform" : "DESKTOP",
    "searchTime" : "2020-03-20T17:21:22.708Z[UTC]",
    "searchQuery" : "dano",
    "searchInteractionURIs" : [
      "spotify:playlist:6mu9s0RoxIGwX9gCfnoJiq",
      "spotify:playlist:6mu9s0RoxIGwX9gCfnoJiq"
    ]
  },
  {
    "platform" : "ANDROID",
    "searchTime" : "2020-03-21T16:57:04.531Z[UTC]",
    "searchQuery" : "bad b",
    "searchInteractionURIs" : [
      "spotify:album:5lJqux7orBlA1QzyiBGti1"
    ]
  },
  {
    "platform" : "DESKTOP",
    "searchTime" : "2020-03-23T16:17:18.151Z[UTC]",
    "searchQuery" : "dano",
    "searchInteractionURIs" : [
      "spotify:playlist:6mu9s0RoxIGwX9gCfnoJiq"
    ]
  },
  {
    "platform" : "DESKTOP",
    "searchTime" : "2020-03-24T15:31:54.224Z[UTC]",
    "searchQuery" : "temples of boom",
    "searchInteractionURIs" : [
      "spotify:album:46rMIvcY6pwMcWZWg0mDZ6"
    ]
  },
  {
    "platform" : "DESKTOP",
    "searchTime" : "2020-03-26T10:57:07.735Z[UTC]",
    "searchQuery" : "a tribe ",
    "searchInteractionURIs" : [
      "spotify:track:7AgMX97ljLm9BzszyyXEYZ"
    ]
  },
  {
    "platform" : "DESKTOP",
    "searchTime" : "2020-03-26T10:57:08.567Z[UTC]",
    "searchQuery" : "a tribe  al",
    "searchInteractionURIs" : [
      "spotify:track:2Qoui6iAiX1VVV21yWayBD"
    ]
  },
  {
    "platform" : "DESKTOP",
    "searchTime" : "2020-03-26T15:15:24.681Z[UTC]",
    "searchQuery" : "bad bunny",
    "searchInteractionURIs" : [
      "spotify:artist:4q3ewBCX7sLwd24euuV69X",
      "spotify:playlist:37i9dQZF1DX2apWzyECwyZ"
    ]
  },
  {
    "platform" : "DESKTOP",
    "searchTime" : "2020-03-26T15:29:07.759Z[UTC]",
    "searchQuery" : "a tribe ca",
    "searchInteractionURIs" : [
      "spotify:track:7AgMX97ljLm9BzszyyXEYZ"
    ]
  },
  {
    "platform" : "DESKTOP",
    "searchTime" : "2020-03-26T16:19:06.318Z[UTC]",
    "searchQuery" : "a tribe called",
    "searchInteractionURIs" : [
      "spotify:album:4v5x3Oo3UjQ9YmF3hRAip5"
    ]
  },
  {
    "platform" : "ANDROID",
    "searchTime" : "2020-03-27T08:09:04.920Z[UTC]",
    "searchQuery" : "is",
    "searchInteractionURIs" : [
      "spotify:artist:16M8fuShcwX8uBDdmFZH9B"
    ]
  },
  {
    "platform" : "ANDROID",
    "searchTime" : "2020-03-27T08:09:53.804Z[UTC]",
    "searchQuery" : "totian",
    "searchInteractionURIs" : [
      "spotify:track:3oh6SCCeLuXhFpEyepla6G"
    ]
  },
  {
    "platform" : "DESKTOP",
    "searchTime" : "2020-03-27T15:15:21.312Z[UTC]",
    "searchQuery" : "the fugees",
    "searchInteractionURIs" : [
      "spotify:album:18XFe4CPBgVezXkxZP6rTb"
    ]
  },
  {
    "platform" : "DESKTOP",
    "searchTime" : "2020-03-27T16:16:05.908Z[UTC]",
    "searchQuery" : "2 pac",
    "searchInteractionURIs" : [
      "spotify:artist:1ZwdS5xdxEREPySFridCfh"
    ]
  },
  {
    "platform" : "DESKTOP",
    "searchTime" : "2020-03-27T16:16:45.733Z[UTC]",
    "searchQuery" : "2 pac only",
    "searchInteractionURIs" : [
      "spotify:track:13XHuE00ElL5thSxkaEXxK",
      "spotify:track:13XHuE00ElL5thSxkaEXxK"
    ]
  },
  {
    "platform" : "DESKTOP",
    "searchTime" : "2020-03-27T16:25:47.256Z[UTC]",
    "searchQuery" : "la polla",
    "searchInteractionURIs" : [
      "spotify:playlist:37i9dQZF1DZ06evO22vVYD",
      "spotify:playlist:37i9dQZF1DZ06evO22vVYD"
    ]
  },
  {
    "platform" : "DESKTOP",
    "searchTime" : "2020-03-27T19:09:53.290Z[UTC]",
    "searchQuery" : "erik",
    "searchInteractionURIs" : [
      "spotify:artist:4UGlbaxTr9BPv4YLD6iWRN",
      "spotify:album:3DfyNpYQuG2jcUq5F67Ln3"
    ]
  },
  {
    "platform" : "DESKTOP",
    "searchTime" : "2020-03-27T19:15:07.234Z[UTC]",
    "searchQuery" : "skepta",
    "searchInteractionURIs" : [
      "spotify:artist:2p1fiYHYiXz9qi0JJyxBzN",
      "spotify:playlist:37i9dQZF1DWSOkubnsDCSS"
    ]
  },
  {
    "platform" : "ANDROID",
    "searchTime" : "2020-03-28T11:58:06.658Z[UTC]",
    "searchQuery" : "cru",
    "searchInteractionURIs" : [
      "spotify:playlist:37i9dQZF1DZ06evO076soz"
    ]
  },
  {
    "platform" : "IPHONE",
    "searchTime" : "2020-03-28T16:07:06.745Z[UTC]",
    "searchQuery" : "na",
    "searchInteractionURIs" : [
      "spotify:artist:3VHAySZQPlfGlNLslzXYpN",
      ""
    ]
  },
  {
    "platform" : "IPHONE",
    "searchTime" : "2020-03-28T16:17:48.496Z[UTC]",
    "searchQuery" : "b",
    "searchInteractionURIs" : [
      "spotify:artist:4q3ewBCX7sLwd24euuV69X"
    ]
  },
  {
    "platform" : "DESKTOP",
    "searchTime" : "2020-03-31T11:20:05.149Z[UTC]",
    "searchQuery" : "leon dram",
    "searchInteractionURIs" : [
      "spotify:artist:43xWY3VkokHRTCvOcPhU5S"
    ]
  },
  {
    "platform" : "DESKTOP",
    "searchTime" : "2020-03-31T16:41:39.138Z[UTC]",
    "searchQuery" : "click clack",
    "searchInteractionURIs" : [
      "spotify:track:2F5TNb7fVssYPDDKEKDZC1"
    ]
  },
  {
    "platform" : "DESKTOP",
    "searchTime" : "2020-03-31T16:41:47.023Z[UTC]",
    "searchQuery" : "click clack gang",
    "searchInteractionURIs" : [
      "spotify:artist:7mbR3g2n91hWG6cVhNiqAd"
    ]
  },
  {
    "platform" : "DESKTOP",
    "searchTime" : "2020-03-31T18:06:00.593Z[UTC]",
    "searchQuery" : "large p",
    "searchInteractionURIs" : [
      "spotify:artist:01nVIuD8YZsnFH6x6Cc9rX"
    ]
  },
  {
    "platform" : "DESKTOP",
    "searchTime" : "2020-04-01T11:36:47.086Z[UTC]",
    "searchQuery" : "westside ",
    "searchInteractionURIs" : [
      "spotify:artist:0ABk515kENDyATUdpCKVfW"
    ]
  },
  {
    "platform" : "DESKTOP",
    "searchTime" : "2020-04-01T11:37:27.021Z[UTC]",
    "searchQuery" : "roc marcian ",
    "searchInteractionURIs" : [
      "spotify:artist:5X0V59ipZnbvnubW0rQVri"
    ]
  },
  {
    "platform" : "DESKTOP",
    "searchTime" : "2020-04-01T11:40:43.414Z[UTC]",
    "searchQuery" : "roc marciano reali",
    "searchInteractionURIs" : [
    ]
  },
  {
    "platform" : "DESKTOP",
    "searchTime" : "2020-04-01T11:45:16.049Z[UTC]",
    "searchQuery" : " biz markie",
    "searchInteractionURIs" : [
      "spotify:track:3yNVfRQlUPViUh8O2V9SQn"
    ]
  },
  {
    "platform" : "DESKTOP",
    "searchTime" : "2020-04-01T11:45:35.776Z[UTC]",
    "searchQuery" : "big l",
    "searchInteractionURIs" : [
    ]
  },
  {
    "platform" : "DESKTOP",
    "searchTime" : "2020-04-01T11:45:42.886Z[UTC]",
    "searchQuery" : "ditc",
    "searchInteractionURIs" : [
      "spotify:artist:6fF9HxdiSPGCXar8svBeHS",
      "spotify:artist:6fF9HxdiSPGCXar8svBeHS"
    ]
  },
  {
    "platform" : "DESKTOP",
    "searchTime" : "2020-04-01T11:46:04.119Z[UTC]",
    "searchQuery" : "pachecos",
    "searchInteractionURIs" : [
      "spotify:artist:5tEStlBGdsegNt1Vr9WdZl"
    ]
  },
  {
    "platform" : "DESKTOP",
    "searchTime" : "2020-04-01T12:16:57.454Z[UTC]",
    "searchQuery" : "vintage chirie",
    "searchInteractionURIs" : [
      "spotify:album:5dZfxOnEFBUgUszXhz6Lgg"
    ]
  },
  {
    "platform" : "DESKTOP",
    "searchTime" : "2020-04-01T14:56:26.155Z[UTC]",
    "searchQuery" : "mobb deep",
    "searchInteractionURIs" : [
      "spotify:artist:6O2zJ0tId7g07yzHtX0yap"
    ]
  },
  {
    "platform" : "DESKTOP",
    "searchTime" : "2020-04-01T16:36:50.840Z[UTC]",
    "searchQuery" : "r de rumba",
    "searchInteractionURIs" : [
      "spotify:track:1uUnzES6P7vI4uzDienIFm"
    ]
  },
  {
    "platform" : "DESKTOP",
    "searchTime" : "2020-04-01T16:37:58.084Z[UTC]",
    "searchQuery" : "chuleria",
    "searchInteractionURIs" : [
      "spotify:album:162k2qOuehn7SRFtwfaQya"
    ]
  },
  {
    "platform" : "DESKTOP",
    "searchTime" : "2020-04-01T18:30:20.089Z[UTC]",
    "searchQuery" : "herri blac",
    "searchInteractionURIs" : [
      "spotify:artist:2GYNdOeZvPyK6lqS0R3b7c"
    ]
  },
  {
    "platform" : "DESKTOP",
    "searchTime" : "2020-04-02T11:26:54.161Z[UTC]",
    "searchQuery" : "dano",
    "searchInteractionURIs" : [
      "spotify:artist:3lIsPQW0jN6sMpiWuiShF0",
      "spotify:playlist:6mu9s0RoxIGwX9gCfnoJiq"
    ]
  },
  {
    "platform" : "DESKTOP",
    "searchTime" : "2020-04-02T15:38:06.847Z[UTC]",
    "searchQuery" : "chinatown",
    "searchInteractionURIs" : [
      "spotify:artist:7Fdzkhjgi90Gq7daE83pPk",
      "spotify:album:55zlMcinV2orRDegZLtszX"
    ]
  },
  {
    "platform" : "DESKTOP",
    "searchTime" : "2020-04-02T15:53:41.151Z[UTC]",
    "searchQuery" : "dano",
    "searchInteractionURIs" : [
      "spotify:playlist:6mu9s0RoxIGwX9gCfnoJiq"
    ]
  },
  {
    "platform" : "DESKTOP",
    "searchTime" : "2020-04-03T11:40:38.096Z[UTC]",
    "searchQuery" : "ley rico",
    "searchInteractionURIs" : [
    ]
  },
  {
    "platform" : "DESKTOP",
    "searchTime" : "2020-04-03T11:40:44.414Z[UTC]",
    "searchQuery" : "y griega",
    "searchInteractionURIs" : [
    ]
  },
  {
    "platform" : "DESKTOP",
    "searchTime" : "2020-04-03T13:00:35.691Z[UTC]",
    "searchQuery" : "y griega ",
    "searchInteractionURIs" : [
    ]
  },
  {
    "platform" : "DESKTOP",
    "searchTime" : "2020-04-03T16:45:56.347Z[UTC]",
    "searchQuery" : " ",
    "searchInteractionURIs" : [
    ]
  },
  {
    "platform" : "DESKTOP",
    "searchTime" : "2020-04-03T16:59:28.672Z[UTC]",
    "searchQuery" : " shadows",
    "searchInteractionURIs" : [
      "spotify:album:2Bofx178NC6oeLvZXQ8WkW"
    ]
  },
  {
    "platform" : "DESKTOP",
    "searchTime" : "2020-04-03T17:09:27.526Z[UTC]",
    "searchQuery" : "gamberros p",
    "searchInteractionURIs" : [
      "spotify:track:6u6aMhV41K3vDJHXQABpZK"
    ]
  },
  {
    "platform" : "IPHONE",
    "searchTime" : "2020-04-04T12:08:45.036Z[UTC]",
    "searchQuery" : "julia stone",
    "searchInteractionURIs" : [
      "spotify:playlist:37i9dQZF1DX0hImzzXX6Mw"
    ]
  },
  {
    "platform" : "DESKTOP",
    "searchTime" : "2020-04-05T18:42:13.624Z[UTC]",
    "searchQuery" : "travis ",
    "searchInteractionURIs" : [
      "spotify:album:41GuZcammIkupMPKH2OJ6I"
    ]
  },
  {
    "platform" : "ANDROID",
    "searchTime" : "2020-04-06T08:51:25.595Z[UTC]",
    "searchQuery" : "rod",
    "searchInteractionURIs" : [
      "spotify:track:0nbXyq5TXYPCO7pr3N8S4I"
    ]
  },
  {
    "platform" : "ANDROID",
    "searchTime" : "2020-04-06T08:52:03.830Z[UTC]",
    "searchQuery" : "rod",
    "searchInteractionURIs" : [
      "spotify:track:0nbXyq5TXYPCO7pr3N8S4I"
    ]
  },
  {
    "platform" : "ANDROID",
    "searchTime" : "2020-04-06T09:05:27.231Z[UTC]",
    "searchQuery" : "rod",
    "searchInteractionURIs" : [
    ]
  },
  {
    "platform" : "DESKTOP",
    "searchTime" : "2020-04-06T09:23:09.990Z[UTC]",
    "searchQuery" : "akai lama ",
    "searchInteractionURIs" : [
      "spotify:album:6Wt2iIQCI0XwweQO4zDd7k"
    ]
  },
  {
    "platform" : "DESKTOP",
    "searchTime" : "2020-04-06T15:24:20.618Z[UTC]",
    "searchQuery" : "akai lama ",
    "searchInteractionURIs" : [
    ]
  },
  {
    "platform" : "DESKTOP",
    "searchTime" : "2020-04-06T15:25:11.378Z[UTC]",
    "searchQuery" : "gamberros",
    "searchInteractionURIs" : [
      "spotify:album:6phg0nZ02RGSFh3RpuDsaX"
    ]
  },
  {
    "platform" : "DESKTOP",
    "searchTime" : "2020-04-06T16:54:03.961Z[UTC]",
    "searchQuery" : "gamberros",
    "searchInteractionURIs" : [
      "spotify:album:6phg0nZ02RGSFh3RpuDsaX"
    ]
  },
  {
    "platform" : "DESKTOP",
    "searchTime" : "2020-04-06T17:19:37.690Z[UTC]",
    "searchQuery" : "costa chocol",
    "searchInteractionURIs" : [
      "spotify:album:0LvrKAq9dG8l16F3ppFxtM"
    ]
  },
  {
    "platform" : "DESKTOP",
    "searchTime" : "2020-04-06T18:19:00.739Z[UTC]",
    "searchQuery" : "maradona costa",
    "searchInteractionURIs" : [
      "spotify:track:0Ppi3BKIYLQShu1ECAl0bO"
    ]
  },
  {
    "platform" : "DESKTOP",
    "searchTime" : "2020-04-06T18:51:58.287Z[UTC]",
    "searchQuery" : "chocolat",
    "searchInteractionURIs" : [
      "spotify:album:0LvrKAq9dG8l16F3ppFxtM"
    ]
  },
  {
    "platform" : "DESKTOP",
    "searchTime" : "2020-04-07T10:13:03.173Z[UTC]",
    "searchQuery" : "jotamayuscula",
    "searchInteractionURIs" : [
      "spotify:artist:0Y84xODKgNhJ8R1UKqX33X",
      "spotify:track:3XaKCLKbly8OfBAq9i9VGD"
    ]
  },
  {
    "platform" : "DESKTOP",
    "searchTime" : "2020-04-07T10:34:18.767Z[UTC]",
    "searchQuery" : "jotamayuscula",
    "searchInteractionURIs" : [
    ]
  },
  {
    "platform" : "DESKTOP",
    "searchTime" : "2020-04-07T10:34:32.916Z[UTC]",
    "searchQuery" : "herri b",
    "searchInteractionURIs" : [
      "spotify:artist:2GYNdOeZvPyK6lqS0R3b7c"
    ]
  },
  {
    "platform" : "DESKTOP",
    "searchTime" : "2020-04-07T10:35:04.805Z[UTC]",
    "searchQuery" : "more fieles",
    "searchInteractionURIs" : [
      "spotify:album:7vJ6Jl6N8RbqIDodhPMkoW"
    ]
  },
  {
    "platform" : "DESKTOP",
    "searchTime" : "2020-04-07T14:10:16.379Z[UTC]",
    "searchQuery" : "madrid zona bruta",
    "searchInteractionURIs" : [
      "spotify:album:0sU9Q4Pk9VanilsgnRnVIm"
    ]
  },
  {
    "platform" : "DESKTOP",
    "searchTime" : "2020-04-07T14:16:04.968Z[UTC]",
    "searchQuery" : "madrid zona bruta",
    "searchInteractionURIs" : [
    ]
  },
  {
    "platform" : "DESKTOP",
    "searchTime" : "2020-04-07T14:30:07.910Z[UTC]",
    "searchQuery" : "jotamayuscula",
    "searchInteractionURIs" : [
      "spotify:artist:0Y84xODKgNhJ8R1UKqX33X"
    ]
  },
  {
    "platform" : "DESKTOP",
    "searchTime" : "2020-04-07T15:07:08.493Z[UTC]",
    "searchQuery" : "chocolate costa",
    "searchInteractionURIs" : [
      "spotify:album:0LvrKAq9dG8l16F3ppFxtM"
    ]
  },
  {
    "platform" : "DESKTOP",
    "searchTime" : "2020-04-07T15:33:53.036Z[UTC]",
    "searchQuery" : "gamberros",
    "searchInteractionURIs" : [
      "spotify:album:6phg0nZ02RGSFh3RpuDsaX"
    ]
  },
  {
    "platform" : "DESKTOP",
    "searchTime" : "2020-04-07T17:13:33.777Z[UTC]",
    "searchQuery" : "guante blanco",
    "searchInteractionURIs" : [
      "spotify:artist:2M7JLP7kWqLug9BqmzTYsE"
    ]
  },
  {
    "platform" : "DESKTOP",
    "searchTime" : "2020-04-07T17:18:08.611Z[UTC]",
    "searchQuery" : "chirie vegas millesime",
    "searchInteractionURIs" : [
      "spotify:album:77hiDLniR2YnmgrX9cq7yT",
      "spotify:track:7yk2Bed0FzApcCIWfOHSIA"
    ]
  },
  {
    "platform" : "DESKTOP",
    "searchTime" : "2020-04-07T17:50:36.197Z[UTC]",
    "searchQuery" : "box r",
    "searchInteractionURIs" : [
      "spotify:track:0nbXyq5TXYPCO7pr3N8S4I"
    ]
  },
  {
    "platform" : "DESKTOP",
    "searchTime" : "2020-04-08T09:12:26.584Z[UTC]",
    "searchQuery" : "tremendo",
    "searchInteractionURIs" : [
      "spotify:artist:2HwPc7s9c7oWgxTP0tFBBe"
    ]
  },
  {
    "platform" : "DESKTOP",
    "searchTime" : "2020-04-08T09:12:52.060Z[UTC]",
    "searchQuery" : "full nelson",
    "searchInteractionURIs" : [
      "spotify:album:1sqeXdiFZQQCq2SM0xg7Fw"
    ]
  },
  {
    "platform" : "DESKTOP",
    "searchTime" : "2020-04-08T09:13:50.285Z[UTC]",
    "searchQuery" : "full nelson ghett",
    "searchInteractionURIs" : [
    ]
  },
  {
    "platform" : "DESKTOP",
    "searchTime" : "2020-04-08T09:42:05.916Z[UTC]",
    "searchQuery" : "dos hermanos ",
    "searchInteractionURIs" : [
    ]
  },
  {
    "platform" : "DESKTOP",
    "searchTime" : "2020-04-08T09:44:34.230Z[UTC]",
    "searchQuery" : "7 notas ",
    "searchInteractionURIs" : [
      "spotify:track:4yddZTljV0vmx51KoUOdWD"
    ]
  },
  {
    "platform" : "DESKTOP",
    "searchTime" : "2020-04-08T09:44:49.087Z[UTC]",
    "searchQuery" : "mucho chu",
    "searchInteractionURIs" : [
      "spotify:album:162k2qOuehn7SRFtwfaQya"
    ]
  },
  {
    "platform" : "DESKTOP",
    "searchTime" : "2020-04-08T10:29:42.292Z[UTC]",
    "searchQuery" : "platoon costa",
    "searchInteractionURIs" : [
      "spotify:track:0z02CNFygeyI1H7iOoSyzD"
    ]
  },
  {
    "platform" : "DESKTOP",
    "searchTime" : "2020-04-08T14:26:44.893Z[UTC]",
    "searchQuery" : "purple rain",
    "searchInteractionURIs" : [
      "spotify:track:54X78diSLoUDI3joC2bjMz",
      "spotify:track:54X78diSLoUDI3joC2bjMz"
    ]
  },
  {
    "platform" : "ANDROID",
    "searchTime" : "2020-04-11T16:35:23.683Z[UTC]",
    "searchQuery" : "parli",
    "searchInteractionURIs" : [
      "spotify:artist:5SMVzTJyKFJ7TUb46DglcH"
    ]
  },
  {
    "platform" : "ANDROID",
    "searchTime" : "2020-04-11T16:36:07.616Z[UTC]",
    "searchQuery" : "fun",
    "searchInteractionURIs" : [
      "spotify:artist:450o9jw6AtiQlQkHCdH6Ru"
    ]
  }
]